archivo,clase,particion,motivo
test/PICADURA/704F3E54-260519-164241-2.RGB.tiff,PICADURA,test,Resolución/aspecto atípico
test/PICADURA/704F3E54-260520-113424-5.RGB.tiff,PICADURA,test,Resolución/aspecto atípico
test/PICADURA/704F3E54-260520-113651-5.RGB.tiff,PICADURA,test,Resolución/aspecto atípico
test/RUSSET/704F3E54-250624-140134-4.RGB.tiff,RUSSET,test,Resolución/aspecto atípico
train/PICADURA/704F3E54-250626-152149-9.RGB.tiff,PICADURA,train,Resolución/aspecto atípico
train/PICADURA/704F3E54-250626-152153-5.RGB.tiff,PICADURA,train,Resolución/aspecto atípico
train/PICADURA/704F3E54-250704-112258-1.RGB.tiff,PICADURA,train,Resolución/aspecto atípico
train/PICADURA/704F3E54-250819-153400-6.RGB.tiff,PICADURA,train,Resolución/aspecto atípico
train/PICADURA/704F3E54-260519-145444-3.RGB.tiff,PICADURA,train,Resolución/aspecto atípico
train/PICADURA/704F3E54-260519-145524-4.RGB.tiff,PICADURA,train,Resolución/aspecto atípico
train/PICADURA/704F3E54-260519-145647-5.RGB.tiff,PICADURA,train,Resolución/aspecto atípico
train/PICADURA/704F3E54-260519-145706-8.RGB.tiff,PICADURA,train,Resolución/aspecto atípico
train/PICADURA/704F3E54-260519-145847-9.RGB.tiff,PICADURA,train,Resolución/aspecto atípico
train/PICADURA/704F3E54-260519-145901-1.RGB.tiff,PICADURA,train,Resolución/aspecto atípico
train/PICADURA/704F3E54-260519-150212-2.RGB.tiff,PICADURA,train,Resolución/aspecto atípico
train/PICADURA/704F3E54-260519-150240-5.RGB.tiff,PICADURA,train,Resolución/aspecto atípico
train/PICADURA/704F3E54-260519-150334-1.RGB.tiff,PICADURA,train,Resolución/aspecto atípico
train/PICADURA/704F3E54-260519-150339-0.RGB.tiff,PICADURA,train,Resolución/aspecto atípico
train/PICADURA/704F3E54-260519-150628-5.RGB.tiff,PICADURA,train,Resolución/aspecto atípico
train/PICADURA/704F3E54-260519-163705-9.RGB.tiff,PICADURA,train,Resolución/aspecto atípico
train/PICADURA/704F3E54-260519-163735-4.RGB.tiff,PICADURA,train,Resolución/aspecto atípico
train/PICADURA/704F3E54-260519-163926-8.RGB.tiff,PICADURA,train,Resolución/aspecto atípico
train/RUSSET/704F3E54-250701-095505-1.RGB.tiff,RUSSET,train,Resolución/aspecto atípico
train/RUSSET/704F3E54-250701-095657-1.RGB.tiff,RUSSET,train,Resolución/aspecto atípico
train/RUSSET/704F3E54-260228-215728-7.RGB.tiff,RUSSET,train,Resolución/aspecto atípico
train/RUSSET/704F3E54-260228-215739-0.RGB.tiff,RUSSET,train,Resolución/aspecto atípico
train/RUSSET/704F3E54-260228-215741-3.RGB.tiff,RUSSET,train,Resolución/aspecto atípico
train/RUSSET/704F3E54-260310-151129-6.RGB.tiff,RUSSET,train,Resolución/aspecto atípico
train/RUSSET/704F3E54-260310-155643-0.RGB.tiff,RUSSET,train,Resolución/aspecto atípico
train/RUSSET/704F3E54-260423-155701-6.RGB.tiff,RUSSET,train,Resolución/aspecto atípico
validation/PICADURA/704F3E54-260520-113718-6.RGB.tiff,PICADURA,validation,Resolución/aspecto atípico
validation/PICADURA/704F3E54-260520-113738-9.RGB.tiff,PICADURA,validation,Resolución/aspecto atípico
validation/PICADURA/704F3E54-260520-114428-3.RGB.tiff,PICADURA,validation,Resolución/aspecto atípico
validation/PICADURA/704F3E54-260521-110323-4.RGB.tiff,PICADURA,validation,Resolución/aspecto atípico
validation/PICADURA/704F3E54-260522-162723-7.RGB.tiff,PICADURA,validation,Resolución/aspecto atípico
validation/PICADURA/704F3E54-260522-162734-0.RGB.tiff,PICADURA,validation,Resolución/aspecto atípico
validation/PICADURA/704F3E54-260522-162758-9.RGB.tiff,PICADURA,validation,Resolución/aspecto atípico
